time,voltage,current,frequency,phase_angle,label
0,230.99342830602245,10.699677718293,49.98649643450051,-1.907807557877391,0
1,229.7234713976576,10.462316841456383,49.99710962658569,-0.8603850107795019,0
2,231.2953770762014,10.029815184960087,49.98415160158,-0.4136055334216442,0
3,233.0460597128161,9.676531611147212,49.99384076940722,1.8876876573401904,0
4,229.53169325055333,10.349111656806794,49.96212770666092,0.5565531245337582,0
5,229.53172608610163,10.196742692710874,50.00426587414746,-1.3354815690998914,0
6,233.1584256310148,10.447596610013866,50.00002410950725,0.486036289417637,0
7,231.53486945830585,10.317585900840983,49.98365822737863,-1.5473039889383655,0
8,229.06105122813008,10.524776357659668,50.01318491336865,1.082691053887073,0
9,231.08512008717196,9.732382394219716,50.01875140275253,-0.4711246518178786,0
10,376.40486785679957,15.942412578106227,49.96784880271262,-0.0936361887391708,1
11,229.06854049285948,10.0987998023462,49.98474550442867,1.32579664754219,0
12,230.48392454313208,11.037630436312632,49.98461715300425,-1.28716356858425,0
13,226.1734395106844,9.655406090955216,49.98120193797782,-1.3971181851129912,0
14,226.55016433497397,10.867981901582624,50.01658949683864,-0.5835993263460049,0
15,228.87542494151805,10.098955391731325,49.99612347722454,1.0383788510193166,0
16,227.97433775933115,9.674290998192776,49.99470970317379,-1.5193460754768424,0
17,230.62849466519052,9.758057082972838,49.95992275271186,-2.832155598110569,0
18,228.1839518489576,9.83982634590284,50.01270836060419,-0.4511588584089988,0
19,227.17539259732945,10.21208297320096,49.97521483210293,0.5517407999109204,0
20,232.9312975378431,10.26141774401775,50.001198652605325,1.2002617497388293,0
21,229.5484473990269,9.71314999803071,50.00554753875917,-0.463161362085399,0
22,230.13505640937584,9.987822703869508,50.02721317191677,-0.4114266071160024,0
23,227.15050362757307,11.071135179305932,49.97382359201762,1.1539007342557472,0
24,228.91123455094964,10.863771585050356,49.939609756883584,-1.8697416996954208,0
25,230.22184517941972,10.218161834837016,50.00367699089507,-0.3885207751830092,0
26,227.6980128451554,10.0190017390841,50.03601022363021,0.1904238899250577,0
27,230.75139603669132,10.060015663359133,50.02477892705879,0.4492187212850342,0
28,228.7987226201624,10.306758986365208,50.00419318830549,-0.5098066931908826,0
29,229.41661250041344,9.488603717400798,49.99016727628736,0.0344410117058413,0
30,228.7965867755412,9.871311731288328,50.01614245193274,-2.488327353412989,0
31,233.7045563690179,9.165707963061204,49.98052907600591,-0.6582484123338483,0
32,229.9730055505241,10.19961156130264,50.009527155387126,0.4535087125544674,0
33,227.8845781420882,10.32359796985137,50.010109403183336,-0.9822940342546796,0
34,231.6450898242064,9.758406768850312,50.02120419814998,0.0589842215895973,0
35,227.558312700058,10.786993381645017,50.05519320077822,0.446872500802698,0
36,230.41772719000951,9.387117168498827,50.00784831934357,-0.3425492008577649,0
37,226.08065975224045,9.26781255989509,49.98982072748585,0.1704637709965709,0
38,227.34362790220317,10.112225909279989,49.99948851375616,-0.9627325652846124,0
39,230.39372247173824,10.523549151306078,49.96461848190222,-0.2066112796960466,0
40,231.4769331599908,10.841963845728934,49.98610573737822,0.6102161695892225,0
41,230.34273656237997,9.77055786856553,49.991814351237736,0.1569729609684342,0
42,229.76870343522356,10.539340416715648,49.989518232041306,-0.5865312695639355,0
43,229.39779260882145,9.980745765249646,50.00304709744067,0.224216404290793,0
44,227.04295601926515,9.91368635002959,49.98355160135235,0.714609790636618,0
45,228.5603115832106,10.441829968743336,50.02242061334649,-2.049941278577478,0
46,229.0787224580804,10.32616143920671,50.00000414129836,1.1590740649558977,0
47,232.11424445243784,9.211803921507876,49.99981399357723,-0.336254738681072,0
48,230.6872365791369,10.738270174862947,49.99344210566974,0.4254899332402302,0
49,278.54816102384206,15.486618716084381,50.00310381367718,1.197246923645228,1
50,230.6481679387896,9.687218649245237,50.01650196529335,-1.371673697230466,0
51,229.22983543916737,10.197901766718704,49.98265739568578,-0.7094410024275466,0
52,228.64615599938807,10.24701509314137,49.98683767021849,-0.2885486958757048,0
53,231.2233525776817,10.130336882911951,49.99392547942447,-0.7837535211244283,0
54,232.0619990449919,9.72484742307729,49.97308258153053,1.7349365758368085,0
55,231.8625602382324,9.664188316030977,49.98361484280557,-0.8567720938267928,0
56,228.3215649535547,9.987222964504276,49.99047558252911,-0.5555467794868666,0
57,229.3815752482976,10.586364509629682,50.01748778361426,0.2043890316029767,0
58,230.66252686280717,10.271800077297216,50.00525122658004,-1.2021495260760888,0
59,390.97848920887054,13.860968779985718,50.00387179822735,-0.3956807117562638,1
60,229.04165152430943,10.385849355324172,50.01701795924336,0.3174532612501751,0
61,229.6286820466724,8.575728689684961,49.997252564232014,-0.3328604043825112,0
62,227.78733005198796,10.574382850186051,50.00780929699858,-0.0933868588999482,0
63,227.60758675183865,9.13014311061095,49.99793556494135,-0.5293321124483709,0
64,231.6250516447884,9.818779529298434,50.00530724698799,-1.514470309180767,0
65,232.71248005714165,9.440165052686927,49.988344826847765,0.3215932113392385,0
66,229.85597975683933,9.352659262139548,49.95122365683447,1.7549330716472415,0
67,232.0070657957841,10.58041339368926,49.99731441675628,0.0184016307834381,0
68,230.7232720500953,9.766149399344055,50.028454962722,0.2252641172475495,0
69,228.70976049078976,10.173251940865358,50.01852430804483,0.6927227551168594,0
70,230.72279121101684,9.976539710560408,50.01930794969182,-1.2693304965466992,0
71,233.07607313293192,10.23852041361156,50.02472261443612,1.7025146581296056,0
72,407.03454504876123,13.322435526320088,50.00177315181923,0.202328796422802,1
73,233.129287311628,9.358503887905716,50.00394631414811,1.631856899089109,0
74,224.7605097918205,10.49813340972357,49.98764696209131,-0.7330329955239894,0
75,231.64380500875043,9.753121708419345,49.99367854287946,1.8180619225578247,0
76,230.1740941364764,9.221709050670125,50.01231542299542,0.7751554940347831,0
77,339.4466001931961,11.998946922765903,50.024077688743375,0.5530400858523584,1
78,230.18352155307105,10.750379895317156,49.99721107448638,0.2340244543531479,0
79,226.0248621707982,10.425110871056749,49.990996214702974,-0.2485286180744493,0
80,229.560656224325,9.82567393279607,50.000010559177134,1.2005316584738726,0
81,230.7142251430235,9.825371147840784,50.01202413497858,0.1403598698480469,0
82,232.95578808948304,9.83918247439131,49.971122903677326,-1.9670697035871525,0
83,228.96345956345272,11.03837399178042,49.95407638093725,-1.1171864617070024,0
84,228.3830127942136,10.190967726115776,49.98898926301017,-0.1858457521927473,0
85,228.9964859128309,10.215020823595534,49.97558575148172,0.3099989831655551,0
86,231.83080423540412,10.51514172701592,49.989837196047056,-0.0565884888998958,0
87,230.65750221931935,10.119394579513257,49.99704439362365,1.2189707897936632,0
88,228.94047959246592,9.870478927089648,49.99093503181954,-1.9511018640386248,0
89,319.969538971594,14.116802329695469,50.02904935068941,0.1435879365051602,1
90,230.1941550986961,9.964199370292969,50.00653489529205,-1.8179792253871547,0
91,231.9372899810658,9.98138888174508,50.006009487192216,0.7597122954841684,0
92,228.5958938122453,10.36381477181849,50.01244414288087,-0.0944587144420027,0
93,229.34467570680445,10.02597294290365,49.97722333764438,0.4196099720241181,0
94,229.2157836937357,10.366320038607787,50.020782235748406,-0.8638829605897661,0
95,227.07297010373577,9.959641709945709,49.99848471426929,1.279464931657751,0
96,230.59224055412915,10.039317595158046,50.01340961234482,1.0417246640588511,0
97,284.2245508773706,11.525064077764968,49.9785628553392,0.5835443030118876,1
98,230.01022691328487,10.458163837351242,49.96892482467968,-0.1295172468634407,0
99,229.5308257332497,10.173244237948996,50.0163577931605,0.5798572852951321,0
100,280.58459558504177,13.003510803307487,50.00752819052195,-0.7068925679873489,1
101,229.1587093544693,8.551872310903155,49.98195896891285,0.8555556590207121,0
102,229.3145709669465,11.044187352390365,49.98260673837451,1.649480894323921,0
103,406.43593182191137,13.401901195063548,50.022508695688295,1.0706105599791862,1
104,229.677428576668,10.55409140836876,49.976211762142654,-0.7296024698074095,0
105,230.80810171362907,9.480047036437234,50.03285345906512,0.3614173172731029,0
106,233.77237180242105,10.306386952531286,49.981987585307046,-1.2931415437586478,0
107,230.34915562566368,9.473292218413173,50.01276783851217,0.5723903111756757,0
108,230.51510078144557,9.688115519652095,49.99342763048502,0.4506034128625388,0
109,229.85110816846768,10.957015676933391,50.01206374862165,-1.869816339532164,0
110,226.1624575694019,9.904658799618328,49.98911771995772,-1.1617838439123638,0
111,229.9469722491016,10.108716436589862,49.99674414187855,-0.2831388967437671,0
112,230.12046041988205,10.435033865344376,50.00081838350791,-0.3008597471408262,0
113,234.92648422497055,10.247840943986304,49.97995625088437,-1.2094769354188053,0
114,229.61527807043777,10.075209452571787,50.0148164869084,0.3889787293521837,0
115,230.6030946846672,10.182480501233112,49.98973572867057,0.2514736089405121,0
116,229.93057646058952,11.201707792619136,49.9954280016932,-0.1942691319785193,0
117,227.6626439247609,9.971190601483208,49.98011301250783,-0.7557915001583629,0
118,311.27308933472085,14.839796852028758,49.9487533268241,1.0487071264165635,1
119,289.5662618820638,14.794001599557943,49.996179444748,1.6554071130882952,1
120,231.5820638940861,10.552762966478992,50.04825230843226,-0.4835614838465371,0
121,228.1812250904105,10.59351515278019,50.01569208575796,-0.6121669171548207,0
122,232.8055886218722,10.319365111014593,49.99961479240531,0.4912076654119963,0
123,227.19629787441545,9.42849754363476,49.99474218341584,-0.3580293797469862,0
124,231.17371418760052,10.816715766150548,50.00044931785624,-0.1393972006632341,0
125,234.38091125161995,9.426827303490656,50.010942382303504,0.7396531517246714,0
126,228.01892734973865,10.151317732619516,49.97638374369382,-1.9093560875072928,0
127,228.86740454079447,9.62286207499032,50.02228643389338,1.3183023248526693,0
128,230.19930273017528,9.967930826703505,50.01430762630883,0.0726805243293413,0
129,228.9930486917676,10.16438120515174,50.01436371451416,-0.4114931445621802,0
130,226.89867313786772,10.160678607725137,50.0087695147762,-0.0892341542214489,0
131,230.13712594961208,10.210960377117642,50.00039233315388,-0.0375706449794812,0
132,227.87539257254775,10.806855634529324,50.01345722471934,-1.7312013034449254,0
133,230.9471848612704,10.22676715075699,50.01183628267483,1.494938227453236,0
134,228.1611515315324,9.877921682354676,49.99291918578118,0.0413256322706184,0
135,233.09986881003508,10.48204358414418,49.98852796454207,0.4430021304473752,0
136,351.1942856433718,15.771390279270717,50.00203712590524,0.9515497705740428,1
137,229.35587696758864,9.386196092431504,50.0309804030299,-1.0211624575603002,0
138,231.62703443473933,10.298700034924927,49.97521785848692,0.4734718990352284,0
139,227.5382713671321,10.35058637115545,49.97064949468495,-0.2676410908987935,0
140,230.45491986920825,9.851218248320004,50.00329521682473,0.8467707752164937,0
141,232.61428550856485,10.68785340665581,50.00101775403712,-2.127227420351496,0
142,303.27283241454893,13.73748618739807,50.003466833287405,-0.099094300241269,1
143,367.56803795102667,13.271638858721746,50.00487906395817,-0.6028206557839616,1
144,230.51976558849685,9.913464087858063,49.9955359549073,0.4322629506341555,0
145,231.56364574355464,10.007789523790734,50.02979726877204,0.4700441873682021,0
146,227.52609857824385,9.4518624565524,49.96798192043047,-0.7076258948220261,0
147,227.35908677383145,9.279974558702852,49.98343005950439,-0.7121738641760436,0
148,231.0438831312338,10.797252531612486,49.99793490479702,-0.1106653685573294,0
149,230.5939693464664,9.576519325840836,49.96713622377692,-0.8966422273152082,0
150,230.50098570069176,9.504303825271846,49.99648291191136,0.8419836954521269,0
151,230.69289641899397,8.923304943198143,50.03322940331456,-0.3692072004474461,0
152,396.40055034084384,13.238916305975811,50.00041772976592,-2.9069882193216414,1
153,230.464507394322,9.338455103296251,50.00461401811437,-0.3748220566218061,0
154,367.21140162710617,14.077656687590935,49.97479670469655,-1.0385438208439723,1
155,378.693089060807,13.462868660686409,49.98767277183921,-1.6312758154609457,1
156,233.7315490222895,9.655924827411138,49.99249607239352,-1.2374266382225725,0
157,230.9476658418236,11.126217902672154,49.99364569806488,0.10940847183297,0
158,227.6173930055947,10.490882743495796,50.02563287590007,1.3286408282482312,0
159,321.17025224703406,13.063798038640359,50.0111538212145,0.31318447386498,1
160,228.05063665954532,8.750297142563213,49.97777084086126,-0.6065033882157397,0
161,231.5741692074849,11.14547128629537,50.00493009556864,0.4559041951707027,0
162,232.3171911580148,9.305213766618202,50.00996443496994,-0.4590903102189917,0
163,228.35863536329657,9.177300626521554,50.02280298077043,-0.6946003691631446,0
164,231.92675225848865,10.51128521600482,50.03161081373137,-1.1543626682329844,0
165,230.82556185387295,11.219876203169637,49.97969811616344,-1.7518288067517191,0
166,231.64412031998896,10.69213640925526,49.98378284977579,-0.3899237065594453,0
167,233.7935859653079,10.28195456002618,49.97484844282171,0.1580534899201318,0
168,229.50922376799423,10.297377170832643,49.99531960281786,-0.0966236700148897,0
169,228.49252767128505,10.426707779390156,50.00932716748893,-0.4159669279473586,0
170,228.22097114074896,10.379464294893385,50.01974669033178,-0.9457460606967812,0
171,228.36837943006915,10.140595711984687,49.99848097952715,0.6082461916849685,0
172,229.84579658117175,10.052100551975938,49.9936030495349,-1.317131919946585,0
173,230.68230394963328,9.96870343605024,50.00303515984498,0.7760279138434754,0
174,230.55338159866,9.623017705566662,49.9832971419674,-1.0022170189267248,0
175,231.65436649807205,9.859662461566613,50.0417907744339,-0.752435237353035,0
176,230.0260037837558,9.153521592902308,49.96784677945764,-1.466785190615677,0
177,232.90706815431463,9.950830186602625,50.00369481157792,-0.5014021468856367,0
178,229.4706863335241,9.50570444642454,50.04047212438459,0.9753124584779788,0
179,235.44033833317923,9.448205341392114,50.0001359968912,0.5156280884439565,0
180,231.25133469553,10.08994707557674,49.99619921929997,0.9784221120280352,0
181,228.28568488716743,10.6960011431723,49.99285109154379,0.5221425459339358,0
182,227.85821500387777,10.459158303001155,49.99639216636475,-1.1036698285303692,0
183,230.9649448304864,9.214749698188411,50.02745696949353,-0.3307892243275573,0
184,229.5530744293483,9.50518593171483,49.95576276177341,-0.7801991291174627,0
185,231.42800098818415,10.470385593994108,50.030668674025925,1.3305749040390402,0
186,358.03838466056095,11.966476831386053,49.971520856951,-1.1967886464263116,1
187,363.8616062098741,14.570841780546269,49.99466695341531,0.8936976893891109,1
188,228.3064125638632,10.275026049512276,49.99141511159403,0.8929538701087693,0
189,226.97030555062827,9.515827772568182,50.011771065395415,1.8296202017160872,0
190,229.106970095866,10.05268775307298,49.968037512962326,-0.4096865926294973,0
191,231.7127975886469,9.332987252540898,50.00924345332164,0.7123221595801621,0
192,230.4281874882604,9.699316178024391,50.040486192465735,2.2816518365388427,0
193,227.50852244257604,10.159890967071268,49.97273651990815,-0.6176416769336966,0
194,230.3463618517024,9.203503133234165,50.00379412335221,-1.5350402475323597,0
195,230.7706347594577,10.2202373689802,49.98676035644407,-1.880010033907764,0
196,228.2322851275977,9.99018110053666,50.00851774412386,0.7127120288613313,0
197,230.30745021189105,10.276244977208574,50.00038295554832,-1.883150208058584,0
198,230.116417436892,10.11195706703233,49.98717026181912,-0.3723190529379228,0
199,227.71405940433877,10.682070214986922,50.009757445697424,0.4373131870389607,0
200,407.74618103822263,13.57534409585261,50.03608696219573,0.185175536829914,1
201,231.12156905273648,9.785297229437374,49.996181924165455,0.4254448641841722,0
202,232.16610248635052,10.06114875151614,50.014395158842966,0.222289855800854,0
203,232.1076041040698,10.271649014518196,49.97413454084258,1.2788658133133932,0
204,227.2446612640858,10.024430035162853,49.98087127246364,-0.952316380738797,0
205,395.0657692492414,12.431645328511845,50.0094481255576,-0.6769951384585313,1
206,231.0300705344173,9.649004156096622,50.02968232057072,-0.772659445270824,0
207,231.0275719018244,9.668549541224523,50.00711226697571,0.8301918118626102,0
208,231.0300953726121,9.298697364100152,49.993738839389536,0.9003985883950636,0
209,237.70546298130944,10.87478837159347,49.999985828108464,0.4512253193185082,0
210,231.14178102138632,9.378068382304358,49.9749918453206,1.183493666889928,0
211,232.2711312803612,9.653547401102044,50.01209030652711,-1.1780408673763807,0
212,231.9080035269864,9.6407963672154,50.01764666124647,1.667224111551137,0
213,231.3027825026116,10.44746218847222,49.99095819334334,1.5232386217122582,0
214,229.3694615107193,9.852525160853986,49.99059915704481,0.7356219972457467,0
215,231.5179384409865,10.623871036336867,50.00531756459304,1.78179890877106,0
216,228.45434957092485,9.663254687878066,49.99126560527919,-1.6566232076777738,0
217,229.52636278652,10.139497081111902,49.998677347707485,-0.5244481362626519,0
218,229.02927290434175,9.582326473370122,50.04199443578333,-0.7353034606819523,0
219,287.0404015538898,14.38771864467231,49.99505948598508,0.7214793237573432,1
220,234.62931713334703,9.406200790485244,49.99283319695957,-1.0501407396021456,0
221,226.2654696148165,10.154910355113511,49.9870491638873,0.7574951493374855,0
222,231.37252038074905,10.31688844046605,50.01488383943,1.3705361439967134,0
223,226.7745682576207,10.20689954872575,49.99637551653564,0.6952029000839993,0
224,229.05613626842117,9.907356170561146,49.98701253923357,0.2837510236615011,0
225,232.17790119393476,9.935089650133287,50.02642608064546,-0.9878733409007492,0
226,230.12856003819093,10.021905735989554,50.02839206009028,-0.8468509661253646,0
227,227.84451044414135,9.926498999185757,49.98799152868523,1.2496189052966666,0
228,228.5693925814801,10.481939558397457,49.96266920097279,0.7793490039053323,0
229,295.08925520749057,16.207967604759308,50.02015027379674,-0.0390195193775441,1
230,228.5392667365657,9.721254107496083,49.9863074034848,-0.4179095457658905,0
231,230.43291717916395,9.31509851021046,50.015812511983256,-2.025807873111377,0
232,230.09114367980763,9.955858975824372,49.96059792364576,-1.0708524186844388,0
233,228.6967993047884,11.28985466882716,50.01785194676599,1.9114190871397236,0
234,234.28788817865063,9.598162716015135,49.97577656141439,-1.2804555710024668,0
235,231.267838044636,10.819558402722034,50.01461528238133,0.1894798212210806,0
236,225.9497148266848,10.83885040703822,50.000285461356725,1.0074439731951983,0
237,230.37290862953884,9.723205879146002,49.98092121161207,-1.2549226680022925,0
238,228.67642707046323,10.284491539592638,49.99185927374146,0.1847104747810833,0
239,231.70486666959243,10.814198311564269,50.013726369139135,0.937915537510655,0
240,228.4149585231346,9.810436129506256,50.00211788906231,0.0124993219072503,0
241,229.7705271170662,9.89820981994882,50.01168825960945,2.8684030556667683,0
242,231.0099745579609,9.709159543025676,50.03952881169031,-1.6685992588781953,0
243,294.3156185355246,12.773797412055059,49.96871516776578,1.0587285298838789,1
244,227.59940718588845,9.675361227466995,50.032344251499374,-0.1728017373964643,0
245,229.3309975283181,9.388029866618872,50.00208711875047,0.7719201548366751,0
246,229.0501093776781,10.017041734129611,49.982024319033535,0.4413071516992458,0
247,228.69334153485255,9.61501338447068,49.97339372748522,-0.7331561971099966,0
248,233.5309084805622,10.116892955895374,49.99621759218446,0.2289963924593402,0
249,230.8099634219219,9.222052176898186,50.01843300223849,-1.8579014513982872,0
250,227.47823209132991,10.165440116107227,49.99744901759245,0.6032475005713938,0
251,231.83572389410955,10.416764480804462,50.03022309860495,0.2981584659905256,0
252,234.2443123940253,9.003132178714273,49.97097648619897,0.6386601686431024,0
253,232.0649305211023,10.187028284923786,49.99975822104308,1.0581183250871502,0
254,369.9835098020634,13.100518536395052,49.974952131111735,0.3676198402097109,1
255,308.0993922806942,12.072488331964303,50.0072726376525,0.1480894197982762,1
256,232.53382229837325,10.836286193418852,50.017737747801945,-0.8810683366612923,0
257,228.58466106876244,10.209509504683025,49.99158476412638,-0.712220763649051,0
258,230.88763885629243,9.647494072120796,49.94791572286746,1.186734620177331,0
259,231.54926810685868,9.972115461171146,50.00397896293593,1.4363354057059785,0
260,228.14613905684385,10.27916345626086,50.00873477103467,-0.238110436312054,0
261,229.8809492878764,10.038002695706206,50.00808589509924,0.0460027472532741,0
262,223.51746531986183,10.269377996223184,50.02471564383645,-0.904614374993766,0
263,227.95122471733143,9.539663203460316,49.97857892640702,1.1727568452674448,0
264,229.49486369721367,10.08468041201804,50.01360432210901,0.6654168236917787,0
265,227.5044336360703,9.29314275154751,50.02385015024956,1.941217436463749,0
266,233.26482260786327,9.94438696932565,49.96442824831987,-0.8783230771797389,0
267,227.13971724407872,9.548046179267605,50.00639303651838,-0.3780078990182172,0
268,229.119911026606,9.632235028705116,49.98991640337984,0.2314459225255723,0
269,230.26148115457215,10.61804658760522,49.998369546537965,0.6464895377257707,0
270,232.88254657813224,10.545655060297134,50.00695352967077,-0.2156676375476323,0
271,227.12827569764116,10.304569060453588,49.99025542871773,-0.8729610904537004,0
272,232.32632750430992,9.453843617663711,49.98648583841677,0.8814075289235711,0
273,230.0204661220392,9.8417957751526,50.00068304834976,0.7211353625455816,0
274,228.0369826979041,10.606548849989592,49.97825508122274,-0.9162741005637248,0
275,230.92420694852652,10.070858456819952,49.9782834974223,1.3554428011054958,0
276,230.3981193911469,11.159664769990847,50.01358746565913,1.1701987091966035,0
277,228.7995662456824,10.196658919697184,49.97702411929683,0.1342964972477928,0
278,230.13960416998003,10.096024558245016,50.01332625001818,0.0795978623760363,0
279,229.22937280627647,9.84544176789875,50.00925182585708,0.5540577711159071,0
280,230.2270346905025,10.06677045239114,49.96548386542419,-0.8617030702562581,0
281,231.3242613490421,9.923765081809728,49.98644870695329,0.0300314791640821,0
282,233.1720336322907,10.354054338344294,50.02388218806095,-2.1523835446091804,0
283,227.5243690023463,10.478351158397292,49.98037668937721,0.8764556455029355,0
284,234.26606674931253,9.607005269746026,49.99071191475381,-1.5614932224418594,0
285,226.095824400955,9.334383523221112,50.00924121786504,1.503419828428999,0
286,229.69642980992884,9.081897313448351,50.01566781018565,-0.3301200939664503,0
287,341.81979611937413,14.387447418626236,49.99496922227911,-0.2116669819311769,1
288,230.56198373547008,9.448316696913064,49.98804979610617,-0.6277339060845056,0
289,228.7546009603588,8.92355470352376,50.02844739723397,-0.2880388739220764,0
290,229.58375549928545,10.19428930226548,50.03477799327595,1.4185313451480366,0
291,229.01399813068232,11.246499758716396,50.01957716101563,-2.4878086565350794,0
292,228.8212704861116,9.996964544230051,50.0017063628513,1.2769653860881878,0
293,279.72961427792166,15.176566358853131,49.98383468556718,0.3380234811017081,1
294,230.7140309719301,10.040914679273785,49.98339111186887,-1.2070216478572156,0
295,228.61418080947868,9.950555173404428,50.01045028210532,-1.075312393049238,0
296,231.7991997508665,10.459538241493885,50.00836796441777,1.676393027208203,0
297,230.6145990417532,9.854862727905674,50.02803197185893,-0.9455068799427312,0
298,231.62572423767796,10.133696157035953,50.013009001850726,-1.1533505105959594,0
299,231.25925768384724,10.160848903098008,49.9699383939648,1.1373145423647293,0
300,228.34200997815583,9.665954773178475,50.02103895235446,0.3385528762859142,0
301,228.87963791960607,10.49602117476826,49.98003878745372,-0.9379255765363989,0
302,231.4945872102465,9.912520121652296,49.99232057456096,0.216624975404619,0
303,231.2207405308669,9.622127420253578,50.00500400412504,-1.0257526836402773,0
304,229.9581968120717,10.268254921785202,50.03991334979568,1.1008213984226052,0
305,230.23465476661755,9.550766009104482,50.0621983711201,1.0613709648731335,0
306,232.55532979157684,10.014090578684565,50.012134461182725,0.5320061988219431,0
307,228.81685722232837,9.995440501677898,49.99633606762559,0.3616610612470166,0
308,231.09419476234007,10.542947782915787,50.01069011296961,1.7611881248673735,0
309,229.5956146951322,10.237349116439976,50.01775310851748,-0.0003136726117747,0
310,229.5646375935456,9.987486520627428,49.99358664748885,-1.1818741254208012,0
311,232.1975537039744,10.408883149600143,50.035904227118245,0.4494739128323068,0
312,231.65083269797609,10.695103774508656,50.00460141518383,2.0860470495371137,0
313,231.6270192720013,10.27890515317593,50.00995486178183,-1.014759493185852,0
314,232.61095761430863,10.00517630992169,50.01331848504109,-0.3614627666939857,0
315,230.04200768326552,9.34408188382492,50.00843173221229,0.4164460381014526,0
316,357.89694960437464,11.647033109428587,50.01677881000939,-0.0539048490057391,1
317,308.33897397490813,12.671745139936473,49.98765493626906,-0.9823035803773146,1
318,230.6483327049769,9.695243898920358,49.98883396492108,1.1218578562304709,0
319,284.42900372304604,12.185493945043845,49.97799691534057,2.3200407220172594,1
320,230.19399192998543,10.028324962448554,50.0087900246124,0.1961314590239073,0
321,231.19031405087384,10.264846377178364,50.015578730070246,-0.9040682897360004,0
322,387.8805761153959,12.60727228923077,50.00915545732304,-1.548960525053475,1
323,234.1847745513709,10.2432508219131,50.03348984866695,0.2579759812211809,0
324,227.9879652370006,10.03223720740506,49.99988807962342,1.1038773433162576,0
325,227.57162277442453,9.012266716823063,50.01337483311185,0.4751677464953816,0
326,232.31622174700013,9.530332303090622,49.978165982477215,-0.0024038409188538,0
327,231.58332538792587,9.927956222139192,49.99225800595051,-0.5892716517893062,0
328,231.24823963410432,9.395152628579446,50.01391075515132,-1.0921636327180897,0
329,231.25669101852856,10.299964364998102,50.01698204221486,0.8347513263248821,0
330,229.97550645430616,10.76537541617185,49.99412066104672,0.9137716213855857,0
331,228.20549125702837,10.609380925848658,49.99856801496284,-1.5457297866907331,0
332,230.15160911638745,9.893278564534896,49.969642525066384,1.589838978180684,0
333,228.64567657697577,10.745363068424975,49.992859415983865,0.5740712208940013,0
334,231.9502394668355,10.074333728601056,50.0178076632704,1.3995946451457937,0
335,229.70588523699573,9.83145701444098,50.01150410032213,-1.342127748485115,0
336,228.34900560641495,9.69329866822953,50.01001331442762,-1.365824155415439,0
337,229.357228316694,9.848765156755936,50.00099547374362,-0.1489693097672969,0
338,230.82586290855124,9.805911590729384,50.000141263172566,0.5027844268951942,0
339,228.87255089439205,10.085208111187743,49.98679357721053,1.7963608229269636,0
340,295.8421859740057,13.801293669680213,50.01397656840405,0.7060789138151315,1
341,230.48737442298383,10.001523010076708,50.008419458887786,-0.2426812768120333,0
342,230.48993314221744,10.218469084873174,50.00984037695986,-1.026369207665892,0
343,228.98611364925773,10.595323137393173,49.989479303146645,1.23000057271915,0
344,229.05792338876336,10.474777067720662,49.956933141602576,-0.9647054257507148,0
345,230.4640998747153,9.257551015775048,50.021943054235074,1.6284685547723217,0
346,227.10383131700536,8.723039432549022,49.99042325087983,-0.2843846496065093,0
347,227.1850724512469,10.467159955619636,49.982744484719134,1.5905820726178503,0
348,228.56311155749512,9.31656065079229,50.01386957823828,0.6789312900592783,0
349,291.75615326998985,14.37686913601452,49.99215974720162,-0.1369954894424582,1
350,336.6339436223256,13.367086520306536,50.02119872768093,-0.5193963718261266,1
351,232.9507124338991,9.09900978120999,50.01234011899153,-0.3409078773460798,0
352,231.71531924640405,10.270731364102394,50.01367138646401,0.4283166923752375,0
353,229.68012294007315,10.379577580151324,49.97268088577599,0.0771564962177167,0
354,229.9619675841946,9.71174479963664,50.02423887970773,-0.5938114080687051,0
355,227.9949412707244,8.704478853927546,50.00522501062468,-0.1656314103176322,0
356,229.9629737280152,9.726877775873758,49.99261445721508,0.0785770297191498,0
357,229.4226827221597,10.195902002701274,50.00286776934684,-2.128734094414812,0
358,230.64543712067615,9.260544215612937,49.964475295342034,0.4581681147886987,0
359,228.34553811289533,10.09167995988958,50.008173056229616,-0.9797212247168068,0
360,231.0386930284824,9.9923450754135,49.97941256983636,-1.153332403205745,0
361,233.06547782600515,10.289645749800544,49.97294659428313,-1.6873443471107104,0
362,229.7824797030863,10.059790184207076,49.969552816275645,-1.7938924978678903,0
363,230.80342344419788,9.51346552955922,50.0222537674998,-1.3554475031122892,0
364,231.38028798342225,10.598285750832243,49.98741473212615,-0.7090209576304904,0
365,229.19755905622836,9.920735213486514,50.03067455419833,1.953259137526568,0
366,230.44818496362083,9.986347730245036,49.98928397073895,-0.5258796758952039,0
367,230.0251848015636,9.533366020463404,49.96585284084814,0.1777501062680313,0
368,353.53681603521557,13.731411744519612,49.97766951120103,0.4004813865063287,1
369,228.45398043228903,9.55759864298655,50.02471623240014,0.1310651862158487,0
370,230.0490203485179,9.913526970038289,49.996882036441264,-0.0774434607259936,0
371,280.8066620693939,14.099253123532323,49.98903425407019,-1.1952937635992449,1
372,232.9022872155901,9.314049428534322,50.003200364517056,1.450927548279212,0
373,231.9185416521704,9.19321930106163,50.01003565472335,1.8071966436378848,0
374,234.30636491502312,10.735585163746803,50.02234797631805,-1.6826586941226858,0
375,310.3005831983498,12.442164628221446,50.02896998459786,-1.0240285908863795,1
376,231.74464127344132,9.66546363067004,49.99280462708422,-0.2798103423770061,0
377,230.3666840114767,10.51995234369804,49.97347904627836,-0.9645377949101912,0
378,234.37960586643536,9.697192230131568,49.99173069677754,0.5059655534558652,0
379,228.3834034292897,10.913004856773467,50.00520561013166,-0.7282722024066131,0
380,228.32055631563844,10.338962935669636,49.98072482147579,2.1650560678066024,0
381,319.0892613341241,14.061280622083153,49.9808569817021,1.190548594343596,1
382,225.7522085513804,11.07865410663275,50.006875757631,0.2125740306322149,0
383,228.94848995663847,9.697142538498332,49.99902695296859,1.0269862633197322,0
384,287.8717406802146,13.134782126244186,50.00065593990824,1.105900424357309,1
385,230.3007875729524,10.149646290203243,49.984830093306,-0.5639474880582432,0
386,230.68351195155432,10.6508706446994,49.99539198571589,-0.8162172445419648,0
387,233.75234167843175,10.780755598363426,49.98151533711464,0.0781430629696474,0
388,409.41137283123476,13.292214217532122,50.017803968222495,0.861636124497944,1
389,228.8461926886752,9.623291064826908,50.02070498669448,0.1390603986534176,0
390,228.20317065730327,10.229986071469558,49.96307624275524,-1.5769964821909972,0
391,230.98383834301305,9.661142315123946,49.98140978279615,-0.8028244439508423,0
392,227.35953358595876,11.006693623763312,49.9700694148982,-0.073972863594378,0
393,233.6629175317087,10.068267665541368,49.98699952131186,-0.0756656043258302,0
394,232.35888024144256,9.817339224343945,49.9983312406042,1.972542176789808,0
395,229.06164869579055,10.092340152932454,49.971007095606026,-1.385987942398998,0
396,226.57373094181824,9.326436855235151,49.981562803737496,0.5055892418358746,0
397,232.70774474833084,9.514192980744674,49.97992085255837,1.4891131083282896,0
398,229.7709203094948,10.600206953972211,50.004145346587975,2.271449745422796,0
399,232.4756326239469,9.671552860514302,50.001386886740725,-0.4043974231839612,0
400,226.81114468241125,9.47654450865903,49.985565248933256,0.4914294527201998,0
401,228.80124995409244,10.268326376263644,50.00353641744279,0.5697603571986469,0
402,230.0104873994364,10.592852077331498,49.98906639830825,0.1954817315532908,0
403,230.0939611875295,10.359476655332534,49.99456689779348,-0.098845201239306,0
404,229.0998690570415,10.498023842902908,50.03346904180597,0.4359753895000459,0
405,231.24569986469496,9.62160245571527,50.026809221035805,-2.5322460852196853,0
406,227.8647591412348,9.289094666629078,49.97400837526145,0.6820694900626313,0
407,229.7152410299574,10.750666825977744,50.01659464835758,0.1261779036619671,0
408,230.2405912634238,9.838660080578933,50.01622793108983,-0.2224748967782653,0
409,231.0288776681175,9.874583491772476,49.97703473422495,2.046862195719558,0
410,231.4232297561778,10.664097070924528,50.0163755528751,-0.6749340187905523,0
411,227.75071581632423,10.27811500470033,50.03075863836825,-0.4030759890650308,0
412,226.9317716585288,10.227943886040803,49.97754910387511,1.991553302204734,0
413,232.55535364379705,11.082501172450542,49.98164994357971,-0.8320613048498566,0
414,230.6646280239592,9.678240884809927,50.02035322933687,-0.5501152829365389,0
415,228.5030269268869,10.463920064040618,50.00542990621651,-0.1470254234308499,0
416,233.10230395104503,10.028506562448545,50.01102952550479,0.8407344821295493,0
417,230.2313492685857,10.134296139431628,50.00681178432801,0.2078025073533134,0
418,232.35859436812763,10.764234213206263,50.00781391841856,-1.2926253471522626,0
419,230.1350369628202,10.253917878144811,49.97347055743378,-0.5321685631271895,0
420,234.121495849764,10.269148039524817,50.02094635413243,-0.6073544332122114,0
421,233.5106816848864,10.5362536686549,50.02339179984856,-0.0772210452230455,0
422,229.50207170304185,9.817523635228556,49.99541218511864,0.4258436586298291,0
423,231.94314190190872,9.580395166330495,49.99913046100372,0.4182057558879721,0
424,231.2907518991703,9.477595402989484,49.96937784994888,-1.7760117540484022,0
425,232.7372631150647,9.016821705312,50.01028509512036,1.063940987560856,0
426,228.07015307883975,11.02810356497016,50.01144114883428,0.2525688459966235,0
427,231.37210291999688,9.448395817139158,49.99875617966001,1.3845320475939062,0
428,232.1168489736992,9.889373188207117,50.02248706719741,0.4441983272906719,0
429,226.48252102715375,9.86159335005554,49.9933184553804,1.1013229577357622,0
430,227.63348297466845,10.15370334890455,50.01129211851787,0.4665453114501269,0
431,287.99068567217694,14.3409973406193,49.97960671322616,1.3462257562027482,1
432,229.4611863311109,10.430236744179872,49.99952895698252,0.5222506360177785,0
433,231.43508451159192,9.70846128071553,49.99651291484194,-0.097915246442904,0
434,233.0047141041921,9.916439143106794,50.00450615844082,2.2724347204468818,0
435,230.14818956083957,10.141289975244147,49.992609461423335,0.8890371222798921,0
436,233.2572310911426,9.875654436908226,49.997370548086565,0.5737444210044131,0
437,227.2397970835702,10.803672788009996,50.01652094342883,-1.276304416538336,0
438,226.5932351212897,10.245487475819123,49.991264715255234,-1.2883076174635375,0
439,229.8889046022068,10.367438893024907,49.967868457985226,0.2927154821418534,0
440,230.76813089787865,10.331440634333706,50.03499167808411,0.1455211977682408,0
441,229.93461050381185,10.586736928742663,50.02762908157381,-0.6141225650083162,0
442,225.86511579992023,10.090510779351854,49.97415474609789,0.14098269961206,0
443,229.8217599209744,9.351584026022076,50.0137941561049,1.5886269280435958,0
444,227.3910609989903,10.199843975876322,49.98994050458897,0.6954024745502987,0
445,231.33934509766007,9.674321553104086,50.005269744306624,-1.1410085097527385,0
446,230.73319649219368,9.735691659125122,50.00588448258027,-0.1115088271429437,0
447,228.1202404273453,10.293182009377547,49.99531184399368,-0.8049664808525608,0
448,228.9722661653266,10.619141535716818,49.98432468668828,-0.3876999164085611,0
449,227.8815729562221,10.010635788368033,49.98618917895367,-0.4136156656296427,0
450,229.87464180545365,10.154416506299482,49.98167616169037,-0.4776455826040052,0
451,231.91028464100248,10.85110747231762,49.98336355583539,-1.2551353719733949,0
452,228.0285479073289,10.120376589744284,49.99865643419901,-0.1276546815181901,0
453,231.00809303103568,11.300841557090198,49.98568480021778,-0.56060763684731,0
454,228.9394847632551,10.282754822815772,50.01364104131425,-2.929448690002268,0
455,228.4142543354753,9.119618620422091,50.02974492310672,2.052972024501663,0
456,229.78593928009087,10.376670810552266,49.9883989351726,1.088769654216672,0
457,227.92951535516124,10.190579192441389,50.00478809001071,-0.376300724924996,0
458,228.89270138930564,10.644876377041372,50.00999370220606,0.0188190497405984,0
459,227.6042442148223,10.336590675634978,50.00944004541839,-1.1716543473175618,0
460,305.3875968886043,12.821912492075265,50.00151910535832,1.6957228778108653,1
461,230.07052710394345,9.387850881855318,50.01485364836719,1.897288694773112,0
462,228.60054898401484,9.895488371356988,50.00964497905361,0.1566937282465246,0
463,346.5077587594643,13.58540411392254,49.975246751553456,1.023530644185345,1
464,229.77534390061837,9.70973827509764,50.017383121287786,0.1752867789339238,0
465,229.5580608009336,10.294289202210305,50.01774581674533,-1.3367254388759306,0
466,231.22833340008685,10.834952252175704,49.98473427791643,-0.4118233689636573,0
467,231.5150154200946,10.197335764911491,50.00075875670896,0.131927966771957,0
468,228.93899770477896,9.402058468982409,50.01366657985622,-0.4545477187434442,0
469,228.84836351871064,10.222301334110073,49.995813723608414,-0.218653277435036,0
470,229.44989660569672,10.598315743322823,50.02145956095532,-0.0913995575091144,0
471,225.3961576705288,9.69510854784031,50.047277449892384,-0.0808784978654613,0
472,226.9696178756029,9.93299141666354,49.9842802793473,0.0522584904974832,0
473,232.73374853488903,10.007344097364598,49.97237910793692,-1.060605066396601,0
474,233.28993542700255,9.60755084345888,50.006076371912094,-0.7170161491279362,0
475,229.50192792088723,10.32414021692193,50.014431250102525,-1.2845842656999693,0
476,231.15311392611156,9.93952592569611,49.99538267252311,0.9778155496862004,0
477,230.62250030908703,10.209766221953512,50.02906521326642,-2.1056469418403245,0
478,236.15776161691048,9.556253911098947,49.97322788400553,1.1535903433169254,0
479,232.2391498228692,9.781270849838297,50.01385837246063,1.3863493972628431,0
480,229.74416481703847,10.361190678913886,49.98788278358482,-0.3021805869826214,0
481,228.08891911879917,9.813583423954116,50.03438755812415,-2.6031370878272986,0
482,226.78710735948485,10.863481925616703,50.03985030706336,-0.3613105619672905,0
483,230.40692727173445,9.800181907192698,49.98466686824433,-0.0641841612888192,0
484,228.48729850943135,10.112342362875944,49.98900885728183,-1.0105982199289134,0
485,227.15549258080463,10.466295415936544,50.0171917577396,-0.5152183938082427,0
486,228.7068542315149,9.290817133533483,49.99225738700421,1.530195198863351,0
487,371.542526702559,11.284214325766184,49.99909177564136,0.664927162301741,1
488,233.37428327014516,9.237171842714952,50.00050776841085,-0.9245641143781,0
489,231.7632795138989,10.631292051713592,49.96160653687605,-1.597599169595432,0
490,229.9840547173668,9.724070927053775,49.99972324507812,-0.3270173176097711,0
491,232.95988827778004,11.279099642834126,49.98620544451872,-0.2134567793504382,0
492,230.15473661529523,9.717876200671306,49.990137543552,0.4961991873633163,0
493,228.27743159734348,10.092275651598518,50.02887264006937,-0.535316712567659,0
494,233.0462481545393,10.771054976283938,49.97486986211442,0.5114995753618614,0
495,231.0778200873693,11.003046444079562,50.01626410373496,1.9351540400602287,0
496,227.9255076913471,11.0307517883182,49.99442074139336,0.8155010224442626,0
497,229.6193226438328,10.604183115296571,49.994404796630086,-0.0480885073307725,0
498,228.24876349323048,10.512031262905731,50.01580743792103,-0.1831504710532946,0
499,227.23440053807133,10.296263474600591,50.00680102589138,-0.3566731341798712,0
500,231.85235509506327,10.38918053808332,50.01141225994439,1.1806409124521446,0
501,233.81883328094025,9.724407141835734,50.01936369321066,-0.6273134459513029,0
502,227.20286485236173,9.590900558288846,49.99337383233633,0.0452227089999825,0
503,231.12593847338115,9.998312771294524,49.98775526530984,0.0511979018810853,0
504,228.69871486175637,9.914907688737536,49.978296989468845,-0.501784192811532,0
505,229.02574923247064,9.773385975336362,49.98349178940042,-1.3724655478841008,0
506,228.81521215152227,10.348193723728356,50.058981888506175,0.3229745036176681,0
507,228.2720184606404,10.477652604285256,50.024893591614735,-0.0610039718553835,0
508,230.09704325588964,10.044203443145925,49.97297851267584,0.5002404694365699,0
509,332.1082137968811,14.5150095328531,49.97355084086513,-0.5336003064391669,1
510,230.5409136515597,9.429155442933247,50.00963732123437,1.2208212988130478,0
511,229.8995237811017,9.90317027036014,50.01094529594756,-0.8767737812118448,0
512,311.25865778296634,13.093360667460866,50.01097767670635,1.7120402840178923,1
513,228.1848726759168,9.06673169146347,49.99490088412893,-1.7476365098282616,0
514,228.84645733886333,9.95865965707865,49.99749091479994,0.4347700645568911,0
515,231.51078245165152,9.939126245808358,50.00655759048319,0.4754306825266234,0
516,231.0018343752488,10.756724871621063,50.001717860125865,-0.7955570679408823,0
517,379.0276115724639,14.738495856784638,49.95561399254505,0.4243939378610126,1
518,358.7227764377129,12.085553255436993,49.995404007388494,1.2795186697601588,1
519,231.5027742467436,10.927046283167094,49.9829718713148,-2.2168188393540644,0
520,353.8691649481732,15.299207114990065,50.00350422837817,0.5027448074908146,1
521,231.08672038475987,10.291048851734308,50.05970518005207,-2.493270820330077,0
522,228.67475248210832,9.886757950575085,50.00734963330949,-0.965664803523208,0
523,332.465184624557,12.536739985427005,49.99372940627655,1.6291663649009451,1
524,228.47348168691497,9.813896611964472,50.018436030039545,-0.581782033392054,0
525,226.39023579867097,10.544374309852094,50.00965375774418,-1.1738799644089726,0
526,226.74491512423367,10.942293152967304,50.00840188980904,-0.1979377289846818,0
527,340.05065151361396,14.270451678502559,50.01213701186431,2.067906338163552,1
528,230.51944500344297,9.755575289106863,50.04113087129659,-1.831682247206026,0
529,228.1913667497912,9.440191283355494,49.97738223129348,-1.0513099116393445,0
530,362.4463953382033,13.603553032924498,50.00947264153623,1.4974316831796264,1
531,226.67695987546207,9.115780317218574,49.98147237740037,1.8577023435377324,0
532,229.86784040270533,10.16158385709239,50.01111025292685,-0.1034312242902839,0
533,227.5779676004751,9.926198706850666,49.98162626977028,-1.2390527025266425,0
534,228.6963277843957,9.76698174906588,49.9916526637279,2.095843501809159,0
535,230.09479734263283,9.202648466366602,49.99409820171524,1.5944423917491968,0
536,228.2791732694321,10.256800053284858,50.01951633438689,0.678946987762233,0
537,336.2100119190807,13.509978239288978,50.01836908887885,-0.81240234893742,1
538,232.0125856184289,9.415041582144855,49.97508565247107,-0.0490293408380367,0
539,228.8462162609537,8.563868893359174,50.00109868222,-0.1603600810448307,0
540,231.6713842241303,9.98624254747468,49.985808402905015,0.3308513046155777,0
541,227.7405862906848,10.886125798334872,49.97482990178649,1.451001438131336,0
542,349.3725821057078,14.329819706189957,49.99565965899152,0.8794170411374032,1
543,232.8831372413158,9.771451871706864,49.99383034423089,-1.0773760769847582,0
544,225.05671099974543,9.69889396981911,50.04853432972691,1.3764964500195378,0
545,228.40620948905905,10.234387128037511,50.00865919650722,0.3131321400131553,0
546,231.15414425436109,9.500807280405857,49.97244764998492,0.6870657958589163,0
547,229.59390922791405,10.150895949909732,49.98870451991658,1.466540859278603,0
548,230.7422917467426,10.383040139192346,50.020427665908585,-1.1115802495135512,0
549,228.7920296265684,10.613466611942156,50.0417688554574,-0.0358255787064629,0
550,230.1731795749458,9.949922961760024,49.96828033375524,-0.531454551359215,0
551,229.68864552921585,9.898163124911518,49.96240151229722,-1.567859425365456,0
552,232.3355641233196,9.56100870662172,50.03741930350744,0.3467099776049199,0
553,414.43902428325066,13.946050986921255,50.00779228354742,2.511556551584424,1
554,230.6752053241504,9.886760554049236,49.98263414536248,-1.8400777445057528,0
555,229.17624606775507,10.183682753408087,50.01069258172245,-0.0322806110494703,0
556,229.024787551855,10.456792313116624,49.94728504521967,0.6405429350747734,0
557,229.13488362436075,9.598410524659828,50.00006751013194,0.1230782016561811,0
558,230.7889042847566,10.74634428447976,50.006556423456864,-0.1131280525157404,0
559,229.15803103835947,9.864438199478716,50.01848540279076,-1.2992163634458245,0
560,230.57954971379283,9.989316352825782,49.97972208095415,0.2327867429401636,0
561,234.1508015972909,9.626394160426088,50.00171374322807,-0.7567639770159263,0
562,231.74224940686335,8.787879869863529,49.98149150747881,-2.1899217049785533,0
563,229.34795293566432,10.442022698180525,50.005107675113486,1.1945922205137307,0
564,399.2791144652673,13.095805181320278,49.98209307355274,0.9583858198420424,1
565,229.1838492539569,9.859336221440891,49.9918379832168,0.0516609768510798,0
566,225.92375092964429,10.033495358612436,49.9800836921042,0.2290746882057025,0
567,227.9838273781652,10.257969608852047,50.01302272483648,1.0743180127155614,0
568,226.2584161579483,9.218727071556728,50.017169022333135,0.2243396567780826,0
569,229.2969730319174,9.735473661326852,49.99530758860085,0.9040175547613144,0
570,230.0368367583791,10.397132339810913,50.0007647598992,-0.2974822008738501,0
571,233.35287462455057,9.372855288415376,49.97102817170733,1.3119837385739466,0
572,230.65385474752836,10.146778966083314,49.99400646703987,0.3207857259326839,0
573,229.56179894238227,9.321709097688297,49.998995907659165,0.194051943605874,0
574,231.658811162367,10.233214991216764,50.0524158618206,-1.270061088712032,0
575,225.57772938198423,9.98217925885126,49.97776065948452,0.2869558543017087,0
576,230.47122911621716,9.192434092047243,50.02928354477505,-0.8319549174944512,0
577,231.54173038777392,10.582369677228586,50.01993717546932,-0.6382827265284942,0
578,227.04282750844035,9.632704211600975,50.0056127280898,-0.8153756283161211,0
579,232.28750808641385,9.59487378149281,50.0351724096839,-1.066234931899225,0
580,288.26586158943064,14.103778394169806,50.007442109452136,2.124771403016961,1
581,229.1694241721984,10.574318674714355,50.00778318391336,1.3313390619884031,0
582,231.26556373221257,9.492089090510802,49.99893758693965,1.9203675021442608,0
583,234.5413857156088,10.030839924923988,50.024471377648375,-1.222895019555564,0
584,230.363732510117,10.214408250165286,50.02192938467622,0.0712537499108924,0
585,230.49644117260067,10.346552803631573,49.98748645425008,-1.2935076252040958,0
586,229.0812782009195,10.088220777638613,49.97361505610802,-0.695694877197064,0
587,228.3003112610704,9.816486080458338,49.99594038725208,-0.9181269834165748,0
588,280.93538939862106,11.971227295860311,49.98399922871205,1.2395840064415615,1
589,228.28783234818223,10.043071941523188,49.998729508507694,-0.3962296781017598,0
590,230.1431324744388,9.463930494007196,50.02474876269368,1.0683793336940164,0
591,229.04468510646976,8.539324758252697,49.99085396689826,0.604120889588518,0
592,230.9579596514928,10.218279902078834,49.99914353237377,2.303638752104789,0
593,230.6673242105739,10.451967420543095,50.00116045469617,-1.479444223139724,0
594,232.0750798885158,8.81853378222908,50.0169686176441,1.259233239786799,0
595,228.9799672022905,9.495134647645031,49.95506221332031,1.1464408704007276,0
596,229.46025012941325,10.309577130502598,49.987865994104695,-0.9733788380270346,0
597,355.41358588085757,16.390711854768565,50.00422567384559,1.0071333364731596,1
598,229.11141347984776,10.010396853837705,50.02400157912854,0.3361449630262288,0
599,230.7546009860897,9.635998529385432,49.99016195104988,-0.2274762599534077,0
600,231.51397723329072,9.90855177944758,49.96246894587916,-0.8239354869719996,0
601,228.15566935164475,10.687438209574092,50.01239422891932,-0.7191094514491859,0
602,231.7392118402113,9.677017910437732,49.98729275222349,2.049812095785926,0
603,232.7112757176099,9.600403996674872,49.97620666681819,0.0006828189574826,0
604,341.4614224128041,13.737050871437473,49.98751309220574,0.7821300015314592,1
605,233.75359162511612,9.523335695870644,49.99630949284688,-0.7908993816675531,0
606,310.09480063406335,14.399918503178148,49.98790510670924,-0.7798529462216388,1
607,335.29300830299655,15.046930604864716,49.95588867885802,1.0819848092499422,1
608,226.44255950219144,10.161539636558016,50.01794132393774,-1.3495762115515322,0
609,232.9920886229784,9.873823248936857,50.02549750082557,-0.4152137679052715,0
610,231.3087313127081,9.854094365542228,50.01303043982679,0.034027411072232,0
611,367.8924888576685,13.182193102989551,49.9772462865915,0.1113726018400524,1
612,230.55993725263963,10.44155488857358,49.99597016932105,-0.1790932850161562,0
613,227.74902190540325,9.9610814014936,49.99986957369541,0.3958197810959231,0
614,234.8915039592337,9.909760043204686,50.01197588779124,0.6928557558178116,0
615,230.25844236395045,11.596553783922433,50.01336680977436,0.73463754545933,0
616,230.2187895892098,10.149376454182844,49.98531652402443,-0.9858038086678268,0
617,231.45153324779736,9.624104474952407,50.00163991112827,-0.2841550979287972,0
618,230.9620184634734,9.786821201897228,50.009145608092304,1.1947628618769377,0
619,230.44776804855823,10.574222854598377,50.02911644644293,0.8946471875738723,0
620,228.4190510891094,10.056635205268885,50.0140901307965,-1.372859451481064,0
621,230.942936714272,9.280861010841315,50.01578113374751,0.3514799003522016,0
622,233.76404899295008,10.459614467287604,50.00167653255858,-1.9782252493748105,0
623,232.69084009231,9.665927957230505,50.02820918290407,0.0469349020603696,0
624,233.1863732532788,10.936648888108772,50.00819525591919,1.897767016745977,0
625,228.9775686471376,10.540024032857325,49.98277824179653,-0.9478927172689864,0
626,228.02079035948285,9.776339052170623,50.0280673994025,-0.8343230454915821,0
627,229.74842615980072,10.640508180867556,50.01395806545078,0.7640297815728595,0
628,230.1114498245774,10.033927755263704,49.99113911957743,-1.542801515209646,0
629,232.1883830369419,10.42638683756111,49.99041014065202,-0.6327550298850391,0
630,226.6150707405704,10.242366408647236,50.00593151090281,0.5964411375817527,0
631,233.0591006389212,9.576821672504565,50.00926369590536,-0.6342858476894031,0
632,229.68398420284203,9.67822508384127,50.00394584531262,-0.2359699872109716,0
633,229.1462378601052,10.51498040879058,50.00622617346886,0.7441857103150346,0
634,227.97579124947967,9.832612333946727,50.03399914749153,0.4215460835365612,0
635,226.69028665626848,9.798175768379002,50.0214308630447,0.2668183962954019,0
636,231.64634116792385,9.522438710325323,50.0038127118253,-0.3391222792700387,0
637,230.1466359343768,10.21179953279673,50.01882621161535,0.3700611152689553,0
638,227.42007820051788,11.031262459621573,49.97934952192945,-0.1237326800997566,0
639,227.4098424558728,9.466233542872864,50.007958540998935,0.4578056099257847,0
640,229.3284306014197,10.012109728336378,50.03618612699466,-0.4969320251179782,0
641,233.3380430505788,10.706110277707715,49.99563908209216,-0.1825689743795411,0
642,229.4808172972728,9.960179304377142,49.98304732142762,-0.989957792552014,0
643,226.9937140937638,10.226185898124866,49.98695822222814,-0.0350076100062359,0
644,229.5085138718281,9.46880323592656,49.97820733925315,-0.8110008636288448,0
645,229.45455286050463,10.214153548603823,49.98430476183744,-1.114046450161993,0
646,224.60622671411684,9.906427867497726,49.9925898380282,0.2586611478553881,0
647,229.8914102669644,10.49286499783993,49.971888659616425,0.2127397758576603,0
648,229.53813093958263,10.593693025782375,50.00031236667899,0.7828737349485725,0
649,231.39241272962684,11.294781821009307,50.018045543475736,-0.431125569575099,0
650,368.77974483066095,14.835748578121123,49.98184487639706,0.4080528468367557,1
651,232.25313005909555,10.162898158291084,50.03038567847283,0.5507975722736632,0
652,229.46222261889037,10.097192150788668,50.01021584177055,0.4447738078315947,0
653,227.78694818251665,9.823416853594656,50.02061161171248,-0.8256536828021421,0
654,235.1467196064997,10.169241921730846,49.98684330892296,0.1493634822711889,0
655,230.11843686802897,9.852299294930486,50.01709050454133,0.3641402960546613,0
656,230.0278585838259,10.084230488134809,49.9781613219921,0.0071784669079419,0
657,229.95174982578,10.65879876780398,50.01780495001673,-2.0864776583710847,0
658,230.3961695215357,9.49672871736018,50.003436786795874,0.16048962397348,0
659,229.7112791761521,10.569939280564522,50.0110650243997,2.212531039397242,0
660,228.85267598623952,10.658557533669931,49.97648810788751,-0.3600392687569827,0
661,228.90628211751925,9.94096573650446,49.98209860315447,-0.7280770978553212,0
662,229.934493459568,8.939072550495702,50.011944564365066,0.3733485597113982,0
663,228.91315045773248,9.696089006452784,49.98103303991552,0.3123782104665717,0
664,228.57430843464567,10.648497273280556,50.00926412584198,1.1927351654164144,0
665,230.2128604553838,9.988565968850558,49.97265724387079,-1.2578681559088878,0
666,229.49004556515828,9.500348883852544,50.01696348425333,0.7313802525749924,0
667,233.0079859771654,9.74761253938589,49.97534953370463,0.5904220612514635,0
668,297.02961517092217,15.233618517185356,50.01104599875359,-0.1421465369405461,1
669,232.1830137038449,10.27336678410069,50.01251261867292,0.33868731792169,0
670,232.4921703849953,9.880533950415153,49.98606456363141,1.0294574815983573,0
671,225.8532195351837,9.816587794092657,50.0116405313417,0.8723153800284503,0
672,229.3146248118393,9.80412092547809,50.00520884526667,-1.1430193120737286,0
673,229.2571182680084,9.538794907750749,49.989223162876144,0.8201581867554845,0
674,227.18497661056435,10.80768784473472,49.97982890631848,-0.0646886050325184,0
675,228.44436662481823,9.83883976539433,49.96074748616655,0.0728740980155153,0
676,338.23897643634115,13.361859668233626,50.006993000946,0.0731969910016945,1
677,233.50454088684725,10.760658025961224,49.96870394457276,-0.1502429887982599,0
678,231.8713567862949,10.49915544907398,50.00190688398882,1.191707497107065,0
679,232.5431101899883,9.784189843640975,49.99473103567836,-0.083717959849212,0
680,231.4433441280865,10.201865045168304,50.013582855508766,-1.1195461283831687,0
681,311.1716405700052,13.186555159031618,49.9939590900102,-0.3935298559697288,1
682,228.95095946744044,9.548149069634936,49.99341104427306,0.1786947168104756,0
683,230.97874912245584,10.1621796408608,50.01463741408577,1.2292147842970504,0
684,227.5557443822161,9.4104801044201,50.00670116058168,0.6030946849488336,0
685,231.4259968603448,10.593839694230782,50.00632311914366,-0.8505352787470439,0
686,229.51934920368373,9.767691351350804,50.00938535179617,2.485189916678892,0
687,229.2503583849008,10.10057982793642,49.969288557535855,0.2647753109779796,0
688,231.421919936407,10.141643935773072,50.01513577359974,1.2753907379990148,0
689,230.88852662297208,9.870547513147962,50.01224937588027,-0.1517144335772291,0
690,229.27806766836184,10.293346900737635,49.97966633742847,0.5333592447054494,0
691,285.08601548765665,13.491402976863819,49.995118390526514,0.8394685045184047,1
692,227.83787334480024,10.435648648728622,49.99921385424745,1.218194711754256,0
693,231.23187121388847,9.327010159876624,49.99731006431197,1.057368305378225,0
694,231.1862025159368,10.063189789773206,50.00667719933137,0.8721970000729778,0
695,229.380907121372,10.969464499529142,50.02862733563662,-0.3150867311941086,0
696,230.65226604448424,9.499834337697212,50.02163533455346,-0.5717460419560614,0
697,227.49777284722936,9.661127514737574,49.97375561613137,0.3326075103241975,0
698,231.8480540384138,10.256953924829457,50.01244139980612,0.9331280723410692,0
699,229.63019572711403,10.089790890969798,50.02657866639071,-0.222720700776607,0
700,228.95455395896192,10.17531504963678,50.007736170413786,1.0651719657143863,0
701,232.09801845167377,10.244593565073831,50.02181960850372,1.4526167454861794,0
702,228.5913126189145,10.317360734280886,50.04024540891402,-0.9163209190734196,0
703,227.1830774072729,10.554849920978112,50.02047419092214,-0.8369207037962799,0
704,226.8867416529522,10.204909328464256,50.00498617191283,-0.1403750589053364,0
705,231.21201990269128,9.879371172690728,50.020901769481696,0.3076126681891964,0
706,227.43914129500743,10.336286850601365,50.00289775666194,-0.524567013767051,0
707,233.50958836396876,10.949940967447608,50.000478060865696,1.3522026788671444,0
708,225.83614118423256,9.933683126808711,49.99297171528573,0.4240668615184512,0
709,233.3929127365801,9.51273534766468,50.03126826717664,0.0394470482407394,0
710,230.42203493440525,10.553540334643486,49.98363142668116,-1.4359095238685275,0
711,229.80657377625923,9.9398094180232,50.03064735449356,-1.3158158164275071,0
712,228.9101618263821,8.913665226992983,50.00999728247481,0.2810092502818063,0
713,230.79827222870412,10.42371083857521,49.97201387650396,-2.132595626154836,0
714,229.9247305951503,9.73233590702304,50.00735298585983,1.0126374096440718,0
715,232.20660376403305,9.95473335884792,49.95799946984697,-0.1581538443723203,0
716,230.22845529732407,10.165990165284509,50.01251016033662,3.2430929695947333,0
717,230.30060352292372,10.095249839889531,50.01770462965978,2.3079162506161106,0
718,229.2727755755723,10.35472590856952,49.98815288088696,-0.1814490692475167,0
719,229.88610875255787,9.782256814715078,50.00247095391912,-0.1063370025313149,0
720,230.61560353778407,10.25655289908804,50.039083148675005,0.9955815140020298,0
721,226.57966321468675,9.870226661208042,49.98988506591476,1.7031726099180378,0
722,227.30362915578857,10.36940524044375,49.97882184825887,-1.6380290574360168,0
723,231.48652818804544,10.307683742006526,50.02963326804925,-1.7863754653546866,0
724,230.3417308762559,9.532280648977702,50.03925174381062,-0.6220348055543814,0
725,229.63203332729464,10.542991058087516,50.00007391343696,0.5827375831738644,0
726,230.0368678661308,9.732018277442975,50.02022926070817,0.4968735905075971,0
727,230.69516341072332,10.404028899140572,50.02682951831062,1.0697714549838502,0
728,228.92048063938128,10.18364365670067,49.98515031534923,-1.1996975283653082,0
729,228.44339054919536,10.91909183839756,49.99029388329264,-2.3161438629688766,0
730,230.39169051019536,9.888267008814074,50.0246174902631,0.8580141953021454,0
731,228.04325444476996,9.8253416019409,50.03370028557417,-0.8281962729652346,0
732,230.81650551142891,9.990290197056131,50.01125761720349,-2.018487864388638,0
733,226.5948327915243,9.848410108582865,49.98240371292996,0.1450637459593816,0
734,232.0583112746513,10.399970950971024,50.03974122223399,0.7931756882186773,0
735,230.94519496482607,9.191844695781706,49.98938058204376,-0.1220571321212772,0
736,230.5120594686277,9.473158790426822,49.99329724437657,-0.4578483861824892,0
737,231.96538196789103,9.466098539210403,50.00684675668979,-0.1593622321459065,0
738,233.33094888892515,10.475153795986788,50.03108320841429,-0.3705827624007828,0
739,406.7083953155514,13.494438938399465,50.017079519531045,-1.3480471119401671,1
740,226.31825153733672,9.947775390731264,50.00829731000724,-0.7146806769904318,0
741,227.4408460665286,9.915589138404997,50.00926577060236,0.5212799050138145,0
742,228.75036284460865,10.035026081556593,50.00087029337287,0.3216785413765001,0
743,230.05218210042167,10.580939151304095,50.01116279029037,0.1680598059668202,0
744,231.03531804093825,9.536323432904712,49.94940879844612,-0.9951484818533796,0
745,228.54851237369303,10.119184491367392,49.9940678508186,-0.1815031621356671,0
746,230.37353352895417,10.487598814891214,50.00482643869834,-2.1770650464428547,0
747,228.48923413529332,10.250547084969922,49.97697971832761,0.1784766638853897,0
748,228.7769643940161,10.094790808299372,50.00772646635623,1.4288577078135674,0
749,227.18667780630355,10.50052304628357,49.99591057558028,-1.4741321320421057,0
750,228.15353350777815,8.64838385350038,50.03510951396631,-0.5859276733177553,0
751,227.29663078876732,10.338937659765454,50.0314603945043,0.3291067787101295,0
752,228.04825349404533,9.672962158436288,49.99068388861764,1.2528426344274837,0
753,232.10728359321567,9.084683551571771,49.99698324576867,-0.4482246163001494,0
754,228.10120222233613,10.25560129976249,49.99852104868784,-0.6922503292658964,0
755,235.2647641296748,10.68682927258148,49.990966810476806,-1.9689231424160831,0
756,230.9866358017618,9.931275742686154,50.00390049968056,0.1034381293081063,0
757,230.36967224738976,10.47643727360147,49.98483435862225,2.042076040143744,0
758,228.2832844396376,10.806139128994324,49.977387693301246,0.2773584619646759,0
759,231.400619758818,10.657457226792024,50.012454224478006,-0.0222789791837133,0
760,228.84872434752444,10.819982264685695,50.01259059168444,0.3220823107669854,0
761,230.24401962929076,10.371063745535944,49.9839136848068,-0.011092003948602,0
762,235.1201690765376,10.037716819450797,50.017907108615255,-0.8130143722601298,0
763,229.8078802005507,9.199017094051417,49.98736844541669,0.8232799156777053,0
764,232.29854665257136,9.876968755935026,50.00506330476076,0.2257615231117544,0
765,228.59364714974825,9.578376702341904,50.01640688025225,0.0176132519336573,0
766,229.9300230190061,11.085471358748906,49.99932774870592,-0.97536602727825,0
767,233.54160127127105,9.912057093783831,50.00909481824282,1.3035079319347591,0
768,317.08412829913954,12.138089828611557,49.98967140712225,0.6647027453331099,1
769,233.62489711599383,10.275742688020234,49.99607066833144,-0.552920837367302,0
770,231.41550387091092,10.021801223186229,49.9958828113824,1.0018248536819372,0
771,228.87506644821147,10.847525520215376,49.9850684330692,-0.4975708383852071,0
772,231.26481547811105,9.688675319132772,49.99646451673768,-0.782003492511037,0
773,363.2743699082529,14.427599838236475,49.96902763402272,-0.7597031174802871,1
774,231.2436199244344,9.628764707150976,49.99017692505716,-1.7710685530880912,0
775,226.85955056021908,9.339988744389649,49.99430249013261,0.4715423804182057,0
776,228.54572564835027,9.694115454547358,49.99487640495009,-1.8311448783383504,0
777,229.504962728897,9.981481601475794,49.99517005108258,-1.2284438312657626,0
778,229.85113314179992,9.78534888774137,49.9987647160028,-2.075588009078533,0
779,285.9171351382688,11.604940427171638,50.00958883036172,-0.086069692790893,1
780,280.84392096422806,13.296783536998243,50.01749034148265,-0.150320460271872,1
781,227.3293112825798,9.958447213685652,49.98700469546304,-0.326696213186364,0
782,230.76039570201192,9.2476398129845,49.97593598289222,-1.0425776946705765,0
783,231.22117149056768,10.3800279818448,49.97915911175514,-1.17223375343664,0
784,231.11958089586207,10.041219876467252,49.9902559415761,0.4643698635465741,0
785,232.16156145110924,9.271224250267537,49.99296157364367,-0.5505519317084877,0
786,231.6678443090978,9.845395461475068,49.98460007867605,0.3163583215361447,0
787,230.9183601584569,9.623921797204709,49.97407766671501,-0.8852486861242225,0
788,229.85966857708272,10.15958725520959,49.99087758345052,0.1810627427710823,0
789,226.678078132968,10.670225223011572,50.00362853240228,1.3032780373160635,0
790,230.8592364382652,9.062413765177128,50.01190058931671,0.5861658003927833,0
791,230.41537537432623,10.057513039573708,49.98885153893784,-0.4124138182164804,0
792,310.0407075084591,12.365130990637532,49.99174004355713,0.2571989703559273,1
793,227.4465028483594,10.335670038225231,49.981466033823054,-0.240665174530213,0
794,227.83788691918343,10.106598314118845,49.99937121659251,0.0078801846947281,0
795,232.1063057066658,9.62401533413059,49.983031427316185,-0.3256110521485036,0
796,229.9208896922867,9.840473032166692,50.01146255626482,-0.1643352058853912,0
797,231.36300139474525,9.601987071598256,49.96428267016132,0.2120933530741752,0
798,230.0566367522609,10.5380035692993,49.99280740655095,-0.9933586995819508,0
799,230.0595122789915,10.010655824335972,50.00602214678384,-1.0158788269899783,0
800,231.876567611952,10.950595342876504,50.00367669032645,-1.388542553831211,0
801,228.96791054356524,9.96966959309269,50.05386067327961,-1.60027110450371,0
802,296.44888476855465,13.17952433104476,50.00699600049136,-1.2172826922204794,1
803,229.0754494225899,9.243142803693589,49.97991890806316,0.1594625068041291,0
804,229.13100754513536,9.098430161872027,49.99809071505822,-0.8927875154918841,0
805,229.38165575306272,9.207932028497256,49.96447507333067,0.5136144642310962,0
806,230.44426754326744,10.133563325505742,49.998388005014064,0.0347137487525618,0
807,229.04250275667303,10.254362511614968,49.98333887885998,-1.9685042134380537,0
808,232.51151225114705,9.209404648983933,50.018307805511206,0.6549755842216898,0
809,228.210785395561,10.447519157038055,49.98900919450809,0.8107986455917099,0
810,229.62625671167729,9.75846947415828,49.99766468168409,-0.9938626748348534,0
811,229.12053788345165,10.073396505992775,49.98728884317191,0.4201915428949916,0
812,232.89395576870743,10.806110314127713,50.034777027037066,-0.856498237409199,0
813,384.6282199035777,15.034530954866716,49.99357514467764,0.0976703767483354,1
814,232.06368907893727,9.865734676047085,50.03665114086959,-1.2644984069549656,0
815,227.02887925392605,9.554403887292356,50.01628303524237,-1.7931064525345768,0
816,230.5341005317385,8.924092299335348,50.00964133454671,-0.3828171896129687,0
817,231.7792615912469,9.64042334037879,50.00737466294635,-0.1237289462748361,0
818,230.16456797855085,9.894434880586152,50.00787594596432,-0.397679693614604,0
819,232.1309607501307,9.506410236424408,49.961446548413086,-1.1840305582225594,0
820,228.96542309979927,9.934371516453847,49.99442233211698,-0.3998990621311371,0
821,232.8186948803712,10.038425941479383,50.01690315942368,0.269294752580734,0
822,234.5977962472385,9.88757200909596,49.99902205633052,-0.0448930301225369,0
823,229.2743228791207,9.67499870958827,49.97189620306393,0.1825010305992134,0
824,317.7117713498192,15.08205999473448,49.99895191098845,-0.6701152004542329,1
825,232.9067689542354,10.220970324784703,50.03408211032511,1.1717179147161596,0
826,233.15914429146144,9.454800461278577,50.02493783431069,-1.1761733365547806,0
827,228.95427994569343,10.705466189873135,49.99875991981268,0.4875602970867186,0
828,229.1596263658083,9.950705933857869,50.01902898554116,1.1818910929599615,0
829,229.436430782279,10.009424811472424,49.99266985959264,0.4809080927488954,0
830,227.31109897793144,10.354107211628278,49.965922568263466,-0.20252422706483,0
831,228.1626961070316,10.11660806563175,49.981510680237406,-0.5282970466629792,0
832,227.99171846649585,10.476568316956625,50.031257775370165,1.036087651046256,0
833,228.4644048697917,10.143562082600912,49.99452013836341,-1.422974925261673,0
834,229.93063022522645,9.69378131267978,49.9951323204125,-0.9701242603796436,0
835,230.46842946507303,10.180751762603052,49.994003236074505,-0.3975577654917214,0
836,233.10100098562816,9.42813689633967,50.03808273179146,1.237653757511998,0
837,228.0032919185224,10.054279852888262,50.03251917830724,0.379767636040896,0
838,289.67897957076514,13.570503137866437,50.04437560466896,-0.9680457585102452,1
839,229.57202231154895,9.89594157136373,49.996819095792,-0.3103077053849036,0
840,229.90107258069517,9.935731244280534,50.00591248977494,-0.6143231440962944,0
841,231.3496389843332,9.05907547725118,49.96966714901159,-0.7097889922335351,0
842,227.7545559568754,9.72563754612952,50.029538688522365,0.9788895585567792,0
843,414.1482050514883,14.769801222135671,49.97664440897464,-1.3717431292635056,1
844,230.3329044164261,10.0799281959987,50.00433551127525,1.6087808557343737,0
845,230.9849025280163,9.48616242953702,49.97805394944734,0.8282296901846228,0
846,230.57833728781563,10.63285392043235,49.98822266346522,1.090861670603698,0
847,234.91060027982175,9.566912575892747,49.98325475137901,-0.4629395120252583,0
848,228.72452003149735,10.484728600263368,49.98784249478648,-0.1499407190791093,0
849,228.9380060899964,10.213597180935842,49.989217545937024,-1.433151814524712,0
850,288.06346166745743,13.375481547161824,49.9890346241015,-0.524662407066803,1
851,344.7248882412443,15.95837063842629,50.01666667823561,0.4936548476431509,1
852,228.72522574538695,9.40318158412176,49.97790274413875,1.2960630617813962,0
853,232.3780330622151,10.459577086805,50.00441082854028,-1.1071568168024517,0
854,232.8410084959797,10.50029115902149,50.02435918304611,-0.3655059369852658,0
855,228.85850741250104,9.664689895461676,49.98973607270973,-0.1512992202325223,0
856,228.33528885379155,10.696232650032163,49.98564162218505,-1.3957892021924851,0
857,404.5085059502457,11.933791502993893,49.9953895074964,0.5913492417584003,1
858,228.89555391143807,10.14434681463993,50.023594504167214,-0.7239903317426091,0
859,231.265863635511,10.13016091938561,50.00388215261907,-0.1953903511770239,0
860,230.4058460417026,9.932845629264726,49.98937571410785,-0.4519493719118777,0
861,226.96851177000556,10.405404136579891,50.00967753302376,-0.7893385057196743,0
862,233.0950104026601,10.396744360276106,49.97795415700328,-0.0070449854805546,0
863,233.59175534619104,9.12573401338091,50.01362719020886,-0.2156095785680223,0
864,228.7744226190312,10.652170121439076,50.00817214615404,-0.3718578822786655,0
865,229.224596880128,9.168754005982162,49.99384383057722,-0.7284616216803428,0
866,230.57173078144984,10.516273102170828,49.98322828403106,0.3195246707829554,0
867,394.8415251232082,12.715230849178955,49.98226638155433,1.653617268492285,1
868,231.31708854534563,9.454516784892402,50.01069634672692,0.1398872328391273,0
869,234.0204090775327,9.794592856022708,50.02457961004978,0.996118214911129,0
870,229.6461055450119,9.447147665757033,49.98725384505942,-1.3902219251534629,0
871,228.40340551092308,9.892539484855632,50.00916773407103,0.1577614392937694,0
872,227.24136154397092,9.84598285790713,49.95825945962796,-1.0973683189710666,0
873,228.53813992011612,10.38983026613467,49.98830764538685,-1.4769249275319014,0
874,229.9337460542524,10.655154373059805,49.99937882134258,-0.7393714074590363,0
875,233.5891157270356,10.697841905394975,49.981806331660366,1.1918993344135729,0
876,228.96477740192765,9.718915986710847,49.98126987250421,0.9500158286696456,0
877,230.4475759032778,9.895389063127736,49.98664440887063,0.2430047220543996,0
878,229.9671542078545,9.158280903889525,50.00584385456653,-1.5327005598899308,0
879,232.37678654689617,9.597064966751905,49.99625341963187,-0.1962806513879368,0
880,369.0431443415294,13.764490517150138,49.9552353753335,0.3017000089017355,1
881,228.93826245415937,10.807791411774115,49.9575859969473,0.1755362295785979,0
882,229.0211211149636,9.382825564060038,49.98786269644285,-1.8437935834807455,0
883,232.08832175413812,9.703767870423553,50.00915373172107,-0.8903178480198718,0
884,231.36378297925265,9.986797121520535,49.945049903145495,-0.0640777641487166,0
885,358.848258079172,12.199680123739254,49.99000539647697,0.5362909095171899,1
886,231.16785637065192,9.595198240039178,49.98947504286965,-2.1961278210999464,0
887,229.28141581842587,10.212030522232045,50.027766755564166,-0.1621239754798584,0
888,231.18130966138463,9.76308032646454,49.99229956376574,0.1430487698789523,0
889,232.21740716116585,9.99277386456086,50.00765977969482,0.8496119885162131,0
890,231.64096436239475,10.27314212400185,50.00282514280175,0.6928575842374367,0
891,312.4398964253258,13.617175883380373,49.95738867040386,0.5825713188088052,1
892,232.1333493791783,9.781807054736715,50.01536414433264,-0.7999405067019342,0
893,314.63451765578793,14.408443734127097,50.00430793010913,-1.908002137123308,1
894,232.76431798207503,9.955818520397331,50.01016537279349,-0.3930527570614009,0
895,287.88719545156874,14.657106053082124,50.07852475412873,1.00163182520856,1
896,229.6657638393663,9.870601968666447,49.95831774121003,1.3934545275244314,0
897,344.7131711054003,16.164855609240302,50.034493932995225,0.7105491022977853,1
898,232.4130179330167,10.28045972397062,49.99425104961199,0.4293408228017343,0
899,228.36612865802556,9.85225984098542,50.00574657808806,0.3796396483859655,0
900,300.6872840857147,13.378610651418056,49.999089755093976,-0.5561187467607805,1
901,229.21332237534529,9.833090255121997,49.99151527333204,-0.13006029355362,0
902,230.0574896458696,10.58656231879332,49.98860334143522,1.669069525826331,0
903,384.66092626456975,12.688861233806403,50.00659017471146,-0.9425580057918764,1
904,230.38219813603985,9.946348927997883,49.969656526066565,1.6147787907098514,0
905,230.0928730963123,10.223858462905138,50.01501158335044,-0.3220281544920584,0
906,227.28028771804017,9.21456192396575,49.99167611190229,1.3254321090950785,0
907,231.49250713205444,9.436616265545098,49.9773986132192,-1.4068150094975382,0
908,231.29096836228211,9.403037496800472,49.99099974284008,0.5859042011646491,0
909,234.3265094466109,10.071471547381853,50.02514298433725,-0.736770135947622,0
910,229.384443530094,10.866257499742543,49.98929329825968,-1.4152671919241877,0
911,230.43830065532788,11.115650073096315,50.00716907236419,0.2185340424109456,0
912,230.49876736742152,10.31902555072038,49.98538087448569,1.0094717885959688,0
913,233.15490655952692,10.250422237472227,50.01515843699847,-0.8449414385934964,0
914,229.8094089352261,9.09947113292363,50.0137101547758,-1.4990159604584012,0
915,400.4320112577318,11.834684122027419,50.03697217666593,-0.0918447643349551,1
916,231.21579301943308,9.60610812404588,49.99648872109002,-0.087435328777181,0
917,230.37321824631272,9.68957620087444,50.01337309609516,0.5483196275544987,0
918,229.10713277089891,9.915928090707606,50.00196135079078,0.9495945713644882,0
919,230.38817998579665,9.763954711151436,50.02591743563726,-0.059415181272494,0
920,232.14726349971957,9.010350094812106,49.98562335224783,1.855503314794263,0
921,227.94696940117788,10.373955128058768,50.01490010625754,0.2242347445352917,0
922,230.26593934829376,9.463628487130096,49.996106054077664,-0.3464265060068996,0
923,228.5997583701217,10.119623432055574,49.99871623645783,-1.611567359102828,0
924,232.39009325784968,11.037041334874989,50.00183504968897,-0.2626595203161677,0
925,226.9536261904325,9.54030770420679,50.005044807928535,-0.3363869454111362,0
926,228.8821563054568,8.734856238626834,49.99767541913756,0.9603047962814704,0
927,230.75442375012904,9.856997889059944,50.00429426366341,0.462483624066854,0
928,233.13104805846868,10.550479817499284,50.031562361151245,-1.1793691216326172,0
929,229.868499477854,10.979173727110297,50.01970899371231,0.1722543864110375,0
930,228.8896009466136,9.38522520277379,50.017383091849936,0.6715311717290534,0
931,233.7623141388812,10.24834961161826,49.99088920947952,1.5280313593878327,0
932,227.10397219916752,9.767344771609974,49.98221518343544,0.8875039674140593,0
933,225.60238808675985,9.947025822847932,50.01910601116475,0.7608466543114778,0
934,230.88002890010665,11.322171673508516,50.0175209358506,0.0600859946151636,0
935,228.9958915512948,9.248514835802425,50.02945341351502,0.3883120054234496,0
936,227.95753436573855,10.126869830747289,49.98792038748061,1.2495049007061587,0
937,231.4167128945987,10.233846585882716,49.9954090268928,-1.3327773974796495,0
938,230.4876014275424,10.542893162469674,49.96721031674949,-0.3494393272169559,0
939,228.8718427385265,10.048991576735448,49.99215057787878,-0.7725687487562407,0
940,227.4393912026582,10.15402526975205,50.01993141021159,0.3791531187261241,0
941,231.7449146565603,9.804175716289103,49.99067009241544,1.2302221756507876,0
942,231.30040235591733,10.134563470622554,50.01280959590402,-0.5969742867210739,0
943,349.049880279812,14.197685857807807,49.99618993788005,-2.390304367469438,1
944,233.69327399209533,10.310785944928025,50.00648114056443,-0.4122207450244701,0
945,337.8953026269542,14.246951739363928,49.977046172203686,0.9134737320174066,1
946,226.94894965815053,10.188550196951091,50.00170418899268,0.5376299029498797,0
947,228.6161838602375,9.98536859315751,49.94017728058199,0.4281862478105761,0
948,229.908827967289,10.563025125386083,49.99626207683676,-0.2799933018744797,0
949,230.48667889864535,9.974303138205755,49.967390535125695,-1.2790307362197864,0
950,229.51752788428732,9.11348376589656,50.02411989033094,0.5152943216244674,0
951,230.7041107930286,10.630960750356996,50.01554814705529,-0.8342818100346248,0
952,227.49692115161912,9.54713384956869,50.00933341963932,2.184096733380456,0
953,232.88752920814653,9.67311683067559,50.030420124543184,0.570507208354516,0
954,229.83569764321487,9.702169352978254,49.98102166958351,-0.5806483025539511,0
955,232.23459166317625,10.687219046585408,50.03494726395831,-0.6113852473886282,0
956,359.2058559469248,12.233812032691729,50.01864383128521,-0.0929442066135882,1
957,230.9135064383076,11.568874266829996,49.99526889425562,-0.2395019220217497,0
958,231.1395345604644,10.528028404533028,50.02271240294366,1.1168337755299542,0
959,230.89541712003464,10.11161945706458,49.97787412975177,0.1864161697440463,0
960,231.28544551973508,9.972552999691857,49.98350971676945,-0.7316317389085281,0
961,232.6583050602649,10.142777037428829,49.98782820553521,1.890440685155783,0
962,230.3930423394029,10.26056121418967,49.98942044583872,0.0493083315202226,0
963,231.41800751517704,10.32260779297503,49.9788688471448,0.7688396759688968,0
964,330.6696894424166,13.043072488185246,50.02446166134191,-0.6082265074447593,1
965,232.88023443089892,10.044790340627625,49.99482291199261,0.3631156277445234,0
966,228.64721539588143,9.901330789846336,50.007050099367135,0.3111099911431952,0
967,233.60188086582164,9.924363358173244,49.988592972671725,-1.889649292096153,0
968,229.9196840987113,9.90254585982366,49.96358793398903,2.01527511046064,0
969,227.1384497957639,10.566885048433532,50.00540114716783,1.2906444609225471,0
970,394.8490020564408,13.239583315385078,49.961754900491606,-0.3971953161459876,1
971,228.63789668505024,8.52980568266786,49.99862731907829,-1.1022697404558557,0
972,231.68128709797745,10.32795038826488,49.972633699223344,0.347561613803552,0
973,228.6947520413952,10.097368097359388,50.03974551998461,0.0866976994143965,0
974,229.10763313357043,9.990645621777052,50.018227254443495,0.3556689485632294,0
975,226.22091853810892,9.805740773455558,50.00211507582543,0.1915773961940896,0
976,229.09538736150185,10.562056359993006,50.02527413355309,0.5062409893059261,0
977,225.15224134674207,10.47376323106143,49.98307368045069,1.4473056993918063,0
978,226.8321943530285,9.613561166088196,50.0108695875734,0.5681032051286461,0
979,231.52082931228856,10.203526143562268,50.00399620867437,-1.0496554989099411,0
980,231.5716003173017,9.514171632729356,50.00528040162667,1.362562852712452,0
981,230.85091512356996,9.310190917605537,50.02544707000214,1.6406145634882874,0
982,228.0660477137416,9.686641387705018,50.0146498420556,3.152056734512085,0
983,229.90457728771605,10.43119673619138,50.0057744732565,-1.123494033239598,0
984,229.99279492181887,10.476562522688043,49.96690225127544,0.242882013150275,0
985,227.68327062161487,10.256542710048649,49.98079907409441,-2.0820987031889877,0
986,233.0067966035343,10.362547893424,49.99754582132809,0.5531491563792091,0
987,389.97021846308627,15.305498269667858,50.00186744748553,-0.5482002981667726,1
988,229.5580716523407,9.679259202388524,49.97739592550652,1.9234457948249533,0
989,230.05377167798903,10.21596127233697,50.04823353351157,-0.7746149700185819,0
990,230.41676561589512,10.40020476261384,50.03032788110507,-1.6891830379672617,0
991,225.91653026315143,10.377145664906788,50.01204236640785,-0.4712637407025196,0
992,229.5056452349588,10.594456685737322,50.00144073722568,-1.9754877712171373,0
993,228.6360315040044,10.354151923600533,49.99575582060198,0.7510994545073101,0
994,227.99675998021016,10.175724103770792,49.98096163079956,-2.065083046256321,0
995,229.4377994142281,10.535075119158211,50.001549610370375,0.0284575811831588,0
996,233.59537305369903,9.98673937037547,50.005155050802855,-2.077811819856197,0
997,231.281685722534,9.55906267438614,49.97516478849037,-0.3202978045366419,0
998,228.8576420204344,9.91846651802812,50.0066835283449,1.643378155804534,0
999,231.14516556271232,9.627548677596776,49.9968948190235,0.3606478914357949,0
